Part,Annotation,Description,Sequence
pACT1,PRO,,GCCTCTACCTTGCAGACCCATATAATATAATAACTAAATAAGTAAATAAGACACACGCGAGAACATATATACACAATTACAGTAACAATAACAAGAGGACAGATACTACCAAAATGTGTGGGGAAGCGGGTAAGCTGCCACAGCAATTAATGCACAACATTTAACCTACATTCTTCCTTATCGGATCCTCAAAACCCTTAAAAACATATGCCTCACCCTAACATATTTTCCAATTAACCCTCAATATTTCTCTGTCACCCGGCCTCTATTTTCCATTTTCTTCTTTACCCGCCACGCGTTTTTTTCTTTCAAATTTTTTTCTTCCTTCTTCTTTTTCTTCCACGTCCTCTTGCATAAATAAATAAACCGTTTTGAAACCAAACTCGCCTCTCTCTCTCCTTTTTGAAATATTTTTGGGTTTGTTTGATCCTTTCCTTCCCAATCTCTCTTGTTTAATATATATTCATTTATATCACGCTCTCTTTTTATCTTCCTTTTTTTCCTCTCTCTTGTATTCTTCCTTCCCCTTTCTACTCAAACCAAGAAGAAAAAGAAAAGGTCAATCTTTGTTAAAGAATAGGATCTTCTACTACATCAGCTTTTAGATTTTTCACGCTTACTGCTTTTTTCTTCCCAAGATCGAAAATTTACTGAATTAACA
pADH1,PRO,,AAGAAATGATGGTAAATGAAATAGGAAATCAAGGAGCATGAAGGCAAAAGACAAATATAAGGGTCGAACGAAAAATAAAGTGAAAAGTGTTGATATGATGTATTTGGCTTTGCGGCGCCGAAAAAACGAGTTTACGCAATTGCACAATCATGCTGACTCTGTGGCGGACCCGCGCTCTTGCCGGCCCGGCGATAACGCTGGGCGTGAGGCTGTGCCCGGCGGAGTTTTTTGCGCCTGCATTTTCCAAGGTTTACCCTGCGCTAAGGGGCGAGATTGGAGAAGCAATAAGAATGCCGGTTGGGGTTGCGATGATGACGACCACGACAACTGGTGTCATTATTTAAGTTGCCGAAAGAACCTGAGTGCATTTGCAACATGAGTATACTAGAAGAATGAGCCAAGACTTGCGAGACGCGAGTTTGCCGGTGGTGCGAACAATAGAGCGACCATGACCTTGAAGGTGAGACGCGCATAACCGCTAGAGTACTTTGAAGAGGAAACAGCAATAGGGTTGCTACCAGTATAAATAGACAGGTACATACAACACTGGAAATGGTTGTCTGTTTGAGTACGCTTTCAATTCATTTGGGTGTGCACTTTATTATGTTACAATATGGAAGGGAACTTTACACTTCTCCTATGCACATATATTAATTAAAGTCCAATGCTAGTAGAGAAGGGGGGTAACACCCCTCCGCGCTCTTTTCCGATTTTTTTCTAAACCGTGGAATATTTCGGATATCCTTTTGTTGTTTCCGGGTGTACAATATGGACTTCCTCTTTTCTGGCAACCAAACCCATACATCGGGATTCCTATAATACCTTCGTTGGTCTCCCTAACATGTAGGTGGCGGAGGGGAGATATACAATAGAACAGATACCAGACAAGACATAATGGGCTAAACAAGACTACACCAATTACACTGCCTCATTGATGGTGGTACATAACGAACTAATACTGTAGCCCTAGACTTGATAGCCATCATCATATCGAAGTTTCACTACCCTTTTTCCATTTGCCATCTATTGAAGTAATAATAGGCGCATGCAACTTCTTTTCTTTTTTTTTCTTTTCTCTCTCCCCCGTTGTTGTCTCACCATATCCGCAATGACAAAAAAATGATGGAAGACACTAAAGGAAAAAATTAACGACAAAGACAGCACCAACAGATGTCGTTGTTCCAGAGCTGATGAGGGGTATCTCGAAGCACACGAAACTTTTTCCTTCCTTCATTCACGCACACTACTCTCTAATGAGCAACGGTATACGGCCTTCCTTCCAGTTACTTGAATTTGAAATAAAAAAAAGTTTGCTGTCTTGCTATCAAGTATAAATAGACCTGCAATTATTAATCTTTTGTTTCCTCGTCATTGTTCTCGTTCCCTTTCTTCCTTGTTTCTTTTTCTGCACAATATTTCAAGCTATACCAAGCATACAATCAACTATCTCATATACA
pGALZ4,PRO,,TTATATTGAATTTTCAAAAATTCTTACTTTTTTTTTGGATGGACGCAAAGAAGTTTAATAATCATATTACATGGCATTACCACCATATACATATCCATATACATATCCATATCTAATCTTACTTATATGTTGTGGAAATGTAAAGAGCCCCATTATCTTAGCCTAAAAAAACCTTCTCTTTGGAACTTTCAGTAATACGCTTAACTGCTCATTGCTATATTGAAGTGCGGCCGCGGCGGAGGAGTGCGGCGGAGGAGGAGCGGCGGAGGAGTGCGGCGGAGGAGGAGCGGCGGAGGAGTGCGGCGGAGGAGTCTAGACCGTGCGTCCTCGTCTTCACCGGTCGCGTTCCTGAAACGCAGATGTGCCTCGCGCCGCACTGCTCCGAACAATAAAGATTCTACAATACTAGCTTTTATGGTTATGAAGAGGAAAAATTGGCAGTAACCTGGCCCCACAAACCTTCAAATTAACGAATCAAATTAACAACCATAGGATGATAATGCGATTAGTTTTTTAGCCTTATTTCTGGGGTAATTAATCAGCGAAGCGATGATTTTTGATCTATTAACAGATATATAAATGGAAAAGCTGCATAACCACTTTAACTAATACTTTCAACATTTTCAGTTTGTATTACTTCTTATTCAAATGTCATAAAAGTATCAACAAAAAATTGTTAATATACCTCTATACTTTAACGTCAAGGAGAAAAAACTATAC
pGRR,PRO,,AGTTTATCATTATCAATACTCGCCATTTCAAAGAATACGTAAATAATTAATAGTAGTGATTTTCCTAACTTTATTTAGTCAAAAAATTAGCCTTTTAATTCTGCTGTAACCCGTACATGCCCAAAATAGGGGGCGGGTTACACAGAATATATAACATCGTAGGTGTCTGGGTGAACAGTTTATTCCTGGCATCCACTAAATATAATGGAGCCCGCTTTTTAAGCTGGCATCCAGAAAAAAAAAGAATCCCAGCACCAAAATATTGTTTTCTTCACCAACCATCAGTTCATAGGTCCATTCTCTTAGCGCAACTACAGAGAACAGGGGCACAAACAGGCAAAAAACGGGCACAACCTCAATGGAGTGATGCAACCTGCCTGGAGTAAATGATGACACAAGGCAATTGACCCACGCATGTATCTATCTCATTTTCTTACACCTTCTATTACCTTCTGCTCTCTCTGATTTGGAAAAAGCTGAAAAAAAAGGTTGAAACCAGTTCCCTGAAATTATTCCCCTACTTGACTAATAAGTAAATTCCTGCAGCCCGGGTACTGTAT
pGRR TATA,TATA,,TGGCATGCATGTGCTCTGTATGTATATAAAACTcttgttttcttcttttctctaaatattctttcct
pGRR RBS,RBS,,gcataaattactatacttctatagacacacaaacacaaatacacacactaat
tCYC1,TERM,,attagttatgtcacgcttacattcacgccctccccccacatccgctctaaccgaaaaggaaggagttagacaacctgaagtctaggtccctatttatttttttatagttatgttagtattaagaacgttatttatatttcaaatttttcttttttttctgtacagacgcgtgtacgcatgtaacattatactgaaaaccttgcttgagaaggttttgggacgctcgaaggctttaatttg
PS,LINK,,ctagaactagtggatctacaaa
TS,LINK,,atgtcgtaataaccccgccccg
TP,LINK,,tgataccgtcgacctcgagtca
PP2,LINK,,ccttaaccagattcgaaaagcggc
yeGFP,CDS,,ATGTCTAAAGGTGAAGAATTATTCACTGGTGTTGTCCCAATTTTGGTTGAATTAGATGGTGATGTTAATGGTCACAAATTTTCTGTCTCCGGTGAAGGTGAAGGTGATGCTACTTACGGTAAATTGACCTTAAAATTTATTTGTACTACTGGTAAATTGCCAGTTCCATGGCCAACCTTAGTCACTACTTTCGGTTATGGTGTTCAATGTTTTGCTAGATACCCAGATCATATGAAACAACATGACTTTTTCAAGTCTGCCATGCCAGAAGGTTATGTTCAAGAAAGAACTATTTTTTTCAAAGATGACGGTAACTACAAGACCAGAGCTGAAGTCAAGTTTGAAGGTGATACCTTAGTTAATAGAATCGAATTAAAAGGTATTGATTTTAAAGAAGATGGTAACATTTTAGGTCACAAATTGGAATACAACTATAACTCTCACAATGTTTACATCATGGCTGACAAACAAAAGAATGGTATCAAAGTTAACTTCAAAATTAGACACAACATTGAAGATGGTTCTGTTCAATTAGCTGACCATTATCAACAAAATACTCCAATTGGTGATGGTCCAGTCTTGTTACCAGACAACCATTACTTATCCACTCAATCTGCCTTATCCAAAGATCCAAACGAAAAGAGAGACCACATGGTCTTGTTAGAATTTGTTACTGCTGCTGGTATTACCCATGGTATGGATGAATTGTACAAATAA
ASBV1 Ribozyme,REG,,GGGACGGGCCATCATCTATCCCTGAAGAGACGAAGGCTTCGGCCAAGTCGAAACGGAAACGTCGGATAGTCGCCCGTCCC
ASBV1 pADH1_INS1,REG,,GGTTGA
ASBV1 pADH1_INS2,REG,,CCTGC
ASBV1 pGAL1_INS1,REG,,GCTTAGT
ASBV1 pGAL1_INS2,REG,,ATCTCCC
ASBV1 pGRR_INS1,REG,,TTTACACAGT
ASBV1 pGRR_INS2,REG,,ACAC
HDV Ribozyme,REG,,ggccggcatggtcccagcctcctcgctggcgccggctgggcaacatgcttcggcatggcgaatgggac
spCas9 gRNA Handle,REG,,gttttagagctagaaatagcaagttaaaataaggctagtccgttatcaacttgaaaaagtggcaccgagtcggtgctttt
HH Ribozyme,REG,,ctgatgagtccgtgaggacgaaacgagtaagctcgtc
PmeI,REST,,gtttaaac
yeGFP,CDS,,atgtctaaaggtgaagaattattcactggtgttgtcccaattttggttgaattagatggtgatgttaatggtcacaaattttctgtctccggtgaaggtgaaggtgatgctacttacggtaaattgaccttaaaatttatttgtactactggtaaattgccagttccatggccaaccttagtcactactttcggttatggtgttcaatgttttgctagatacccagatcatatgaaacaacatgactttttcaagtctgccatgccagaaggttatgttcaagaaagaactatttttttcaaagatgacggtaactacaagaccagagctgaagtcaagtttgaaggtgataccttagttaatagaatcgaattaaaaggtattgattttaaagaagatggtaacattttaggtcacaaattggaatacaactataactctcacaatgtttacatcatggctgacaaacaaaagaatggtatcaaagttaacttcaaaattagacacaacattgaagatggttctgttcaattagctgaccattatcaacaaaatactccaattggtgatggtccagtcttgttaccagacaaccattacttatccactcaatctgccttatccaaagatccaaacgaaaagagagaccacatggtcttgttagaatttgttactgctgctggtattacccatggtatggatgaattgtacaaataa
AMPR and ORI,ORI,,catggtcatagctgtttcctgtgtgaaattgttatccgctcacaattccacacaacatacgagccggaagcataaagtgtaaagcctggggtgcctaatgagtgagctaactcacattaattgcgttgcgctcactgcccgctttccagtcgggaaacctgtcgtgccagctgcattaatgaatcggccaacgcgcggggagaggcggtttgcgtattgggcgctcttccgcttcctcgctcactgactcgctgcgctcggtcgttcggctgcggcgagcggtatcagctcactcaaaggcggtaatacggttatccacagaatcaggggataacgcaggaaagaacatgtgagcaaaaggccagcaaaaggccaggaaccgtaaaaaggccgcgttgctggcgtttttccataggctccgcccccctgacgagcatcacaaaaatcgacgctcaagtcagaggtggcgaaacccgacaggactataaagataccaggcgtttccccctggaagctccctcgtgcgctctcctgttccgaccctgccgcttaccggatacctgtccgcctttctcccttcgggaagcgtggcgctttctcatagctcacgctgtaggtatctcagttcggtgtaggtcgttcgctccaagctgggctgtgtgcacgaaccccccgttcagcccgaccgctgcgccttatccggtaactatcgtcttgagtccaacccggtaagacacgacttatcgccactggcagcagccactggtaacaggattagcagagcgaggtatgtaggcggtgctacagagttcttgaagtggtggcctaactacggctacactagaagaacagtatttggtatctgcgctctgctgaagccagttaccttcggaaaaagagttggtagctcttgatccggcaaacaaaccaccgctggtagcggtggtttttttgtttgcaagcagcagattacgcgcagaaaaaaaggatctcaagaagatcctttgatcttttctacggggtctgacgctcagtggaacgaaaactcacgttaagggattttggtcatgagattatcaaaaaggatcttcacctagatccttttaaattaaaaatgaagttttaaatcaatctaaagtatatatgagtaaacttggtctgacagttaccaatgcttaatcagtgaggcacctatctcagcgatctgtctatttcgttcatccatagttgcctgactccccgtcgtgtagataactacgatacgggagggcttaccatctggccccagtgctgcaatgataccgcgagacccacgctcaccggctccagatttatcagcaataaaccagccagccggaagggccgagcgcagaagtggtcctgcaactttatccgcctccatccagtctattaattgttgccgggaagctagagtaagtagttcgccagttaatagtttgcgcaacgttgttgccattgctacaggcatcgtggtgtcacgctcgtcgtttggtatggcttcattcagctccggttcccaacgatcaaggcgagttacatgatcccccatgttgtgcaaaaaagcggttagctccttcggtcctccgatcgttgtcagaagtaagttggccgcagtgttatcactcatggttatggcagcactgcataattctcttactgtcatgccatccgtaagatgcttttctgtgactggtgagtactcaaccaagtcattctgagaatagtgtatgcggcgaccgagttgctcttgcccggcgtcaatacgggataataccgcgccacatagcagaactttaaaagtgctcatcattggaaaacgttcttcggggcgaaaactctcaaggatcttaccgctgttgagatccagttcgatgtaacccactcgtgcacccaactgatcttcagcatcttttactttcaccagcgtttctgggtgagcaaaaacaggaaggcaaaatgccgcaaaaaagggaataagggcgacacggaaatgttgaatactcatactcttcctttttcaatattattgaagcatttatcagggttattgtctcatgagcggatacatatttgaatgtatttagaaaaataaacaaataggggttccgcgcacatttccccgaaaagtgccacctgacgtctaagaaaccattattatcatgacattaacctataaaaataggcgtatcacgaggccctttcgtctcgcgcgtttcggtgatgacggtgaaaacctctgacacatgcagctcccggagacggtcacagcttgtctgtaagcggatgccgggagcagacaagcccgtcagggcgcgtcagcgggtgttggcgggtgtcggggctggcttaactatgcggc
URA3 3'UTR,REG,homology,aaaactgtattataagtaaatgcatgtatactaaactcacaaattagagcttcaatttaattatatcagttattacccgggaatctcggtcgtaatgatttctataatgacgaaaaaaaaaaaattggaaagaaaaagcttcatggcctttataaaaaggaactatccaatacctcgccagaaccaagtaacagtattttacggggcacaaatcaagaacaataagacaggactgtaaagatggacgcattgaactccaaagaacaacaagagttccaaaaagtagtggaacaaaagcaaatgaaggatttcatgcgtttgtactctaatctggtagaaagatgtttcacagactgtgtcaatgacttcacaacatcaaagctaaccaataaggaacaaacatgcatcatgaagtgctcagaaaagttcttgaagcatagcgaacgtgtagggcagcgtttccaagaacaaaacgctgccttgggacaaggcttgggccg
URA3 Promoter,PRO,homology,tgtggctgtggtttcagggtccataaagcttttcaattcatcttttttttttttgttcttttttttgattccggtttctttgaaatttttttgattcggtaatctccgagcagaaggaagaacgaaggaaggagcacagacttagattggtatatatacgcatatgtggtgttgaagaaacatgaaattgcccagtattcttaacccaactgcacagaacaaaaacctgcaggaaacgaagataaatc
URA3,CDS,homology,atgtcgaaagctacatataaggaacgtgctgctactcatcctagtcctgttgctgccaagctatttaatatcatgcacgaaaagcaaacaaacttgtgtgcttcattggatgttcgtaccaccaaggaattactggagttagttgaagcattaggtcccaaaatttgtttactaaaaacacatgtggatatcttgactgatttttccatggagggcacagttaagccgctaaaggcattatccgccaagtacaattttttactcttcgaagacagaaaatttgctgacattggtaatacagtcaaattgcagtactctgcgggtgtatacagaatagcagaatgggcagacattacgaatgcacacggtgtggtgggcccaggtattgttagcggtttgaagcaggcggcggaagaagtaacaaaggaacctagaggccttttgatgttagcagaattgtcatgcaagggctccctagctactggagaatatactaagggtactgttgacattgcgaagagcgacaaagattttgttatcggctttattgctcaaagagacatgggtggaagagatgaaggttacgattggttgattatgacacccggtgtgggtttagatgacaagggagacgcattgggtcaacagtatagaaccgtggatgatgtggtctctacaggatctgacattattattgttggaagaggactatttgcaaagggaagggatgctaaggtagagggtgaacgttacagaaaagcaggctgggaagcatatttgagaagatgcggccagcaaaactaa
tADH1,TERM,homology,gcgaatttcttatgatttatgatttttattattaaataagttataaaaaaaataagtgtatacaaattttaaagtgactcttaggttttaaaacgaaaattcttattcttgagtaactctttcctgtaggtcaggttgctttctcaggtatagcatgaggtcgctcttattgaccacacctc
HIS3 3'UTR,REG,homology,tgacaccgattatttaaagctgcagcatacgatatatatacatgtgtatatatgtatacctatgaatgtcagtaagtatgtatacgaacagtatgatactgaagatgacaaggtaatgcatcattctatacgtgtcattctgaacgaggcgcgctttccttttttctttttgctttttctttttttttctcttgaactcgagaaaaaaaatataaaagagatggaggaacgggaaaaagttagttgtggtgataggtggcaagtggtattccgtaagaacaacaagaaaagcatttcatattatggctgaactgagcgaacaagtgcaaaatttaagcatcaacgacaacaacgagaatggttatgttcctcctcacttaagaggaaaaccaagaagtgccagaaataacagtagcaactacaataacaacaacggcggctacaacggtggccgtggcggtggcagcttctttagcaacaaccgtcgtggtggttacggcaacggtggtttcttcggtggaaacaacggtggcagcagatctaacggccgttctggtggtagatggatcgatggcaaacatgtcccagctccaagaaacgaaaaggccgagatcgccatatttggtgtccccgaggatccaaatttccaatcttctggtattaacttcgataactacgatgatattccagtggacgcctctggtaaggatgttcctgaaccaatcacagaatttacctcacctccattggacggattgttattggaaaacatcaaattggcccgtttcaccaagccaacacctgtgcaaaaatactccgtccctatcgttgccaacggcagagatttgatggcctgtgcgcagaccggttctggtaagactggtgggtttttattcccagtgttgtccgaatcatttaagactggaccatctcctcaaccagagtctcaaggctccttttaccaaagaaaggcctacccaactgctgtcattatggctcca
HIS3 Promoter,PRO,homology,cgttttaagagcttggtgagcgctaggagtcactgccaggtatcgtttgaacacggcattagtcagggaagtcataacacagtcctttcccgcaattttctttttctattactcttggcctcctctagtacactctatatttttttatgcctcggtaatgattttcatttttttttttccacctagcggatgactctttttttttcttagcgattggcattatcacataatgaattatacattatataaagtaatgtgatttcttcgaagaatatactaaaaaatgagcaggcaagataaacgaaggcaaag
HIS3,CDS,homology,atgacagagcagaaagccctagtaaagcgtattacaaatgaaaccaagattcagattgcgatctctttaaagggtggtcccctagcgatagagcactcgatcttcccagaaaaagaggcagaagcagtagcagaacaggccacacaatcgcaagtgattaacgtccacacaggtatagggtttctggaccatatgatacatgctctggccaagcattccggctggtcgctaatcgttgagtgcattggtgacttacacatagacgaccatcacaccactgaagactgcgggattgctctcggtcaagcttttaaagaggccctactggcgcgtggagtaaaaaggtttggatcaggatttgcgcctttggatgaggcactttccagagcggtggtagatctttcgaacaggccgtacgcagttgtcgaacttggtttgcaaagggagaaagtaggagatctctcttgcgagatgatcccgcattttcttgaaagctttgcagaggctagcagaattaccctccacgttgattgtctgcgaggcaagaatgatcatcaccgtagtgagagtgcgttcaaggctcttgcggttgccataagagaagccacctcgcccaatggtaccaacgatgttccctccaccaaaggtgttcttatgtag
TRP1 3'UTR,,,tgcaggccttttgaaaagcaagcataaaagatctaaacataaaatctgtaaaataacaagatgtaaagataatgctaaatcatttggctttttgattgattgtacaggaaaatatacatcgcagggggttgacttttaccatttcaccgcaatggaatcaaacttgttgaagagaatgttcacaggcgcatacgctacaatgacccgattcttgctagccttttctcggtcttgcaaacaaccgccggcagcttagtatataaatacacatgtacatacctctctccgtatcctcgtaatcattttcttgtatttatcgtcttttcgctgtaaaaactttatcacacttatctcaaatacacttattaaccgcttttactattatcttctacgctgacagtaatatcaaacagtgacacatattaaacacagtggtttctttgcataaacaccat
TRP1 Promoter,PRO,,catttaatagaacagcatcgtaatatatgtgtactttgcagttatgacgccagatggcagtagtggaagatattctttattgaaaaatagcttgtcaccttacgtacaatcttgatccggagcttttctttttttgccgattaagaattaattcggtcgaaaaaagaaaaggagagggccaagagggagggcattggtgactattgagcacgtgagtatacgtgattaagcacacaaaggcagcttggagt
TRP1,CDS,,atgtctgttattaatttcacaggtagttctggtccattggtgaaagtttgcggcttgcagagcacagaggccgcagaatgtgctctagattccgatgctgacttgctgggtattatatgtgtgcccaatagaaagagaacaattgacccggttattgcaaggaaaatttcaagtcttgtaaaagcatataaaaatagttcaggcactccgaaatacttggttggcgtgtttcgtaatcaacctaaggaggatgttttggctctggtcaatgattacggcattgatatcgtccaactgcatggagatgagtcgtggcaagaataccaagagttcctcggtttgccagttattaaaagactcgtatttccaaaagactgcaacatactactcagtgcagcttcacagaaacctcattcgtttattcccttgtttgattcagaagcaggtgggacaggtgaacttttggattggaactcgatttctgactgggttggaaggcaagagagccccgaaagcttacattttatgttagctggtggactgacgccagaaaatgttggtgatgcgcttagattaaatggcgttattggtgttgatgtaagcggaggtgtggagacaaatggtgtaaaagactctaacaaaatagcaaatttcgtcaaaaatgctaagaaataggttattactgagtagtatttatttaagtattgtttgtgcacttgcc
r1,TFBS,W5,GGAACGTGATTGAATAACTT
r2,TFBS,W8,ACCAACGCAAAAAGATTTAG
r3,TFBS,W10,CATTGCCATACACCTTGAGG
r4,TFBS,W14,GAAAATCACAACTCTACTGA
r5,TFBS,W17,GAAGTCAGTTGACAGAGTCG
r6,TFBS,W19,GTGGTAACTTGCTCCATGTC
r7,TFBS,W20,CTTTACGTATAGGTTTAGAG
r8,TFBS,W22,CGCATTTCCTATTCAAACTT
r9,TFBS,W34,GCAACCCACAAATATCCAGT
r10,TFBS,W36,GTGACATAAACATTCGACTC
r11,TFBS,F1,GGGCAAAGAGACGCTTGTCG
r12,TFBS,F2,GAAGTCATCGCTTCTTGTCG
r13,TFBS,F3,GAGTTGACAAAGTATAACTT
r14,TFBS,F4,GAAGTTTCAGAATCTCGACG
r15,TFBS,F5,GGCTAGGATCCATCTGACTT
r16,TFBS,F6,GCAACCATAGACTCTCCAGG
r17,TFBS,F7,ACCACAACTGAGTCGAACCT
r18,TFBS,F8,GGGTAGCAACACTCGTACTT
r19,TFBS,F9,GTAAAAGATAACTCTGTTGC
r20,TFBS,F10,TCTACCCGAGACTCAAACGG
v1,TFBS,none,GTACATACAGTAGGATCCTA
v2,TFBS,none,TTTGGCACTACCGACACGAA
v3,TFBS,none,TGGTCAAAAGTGCGGCTTTC
v4,TFBS,none,CTTTCACAATCTTGACCTGC
c3,TFBS,c3,GTACATACAGTAGGATCCTA
c6,TFBS,c6,TGCAAAGGTCCTAATGTATA
LTR1 homology 1,,,TTAGCAGATGCGCGCACCTGCGTTGTTACCACAACTCTTATGAGGCCCGCGGACAGCATCAAACCCAGTTGTTTGTAGCTGGTTCATATTTAGCGGCAATTCTCTGTTGCGTAAATGAAAATATTAATGTAAACAAAAAAAGACCAAAACATTTTAGCAGTGTAAGAAGGTGTACTGATACAAAATGTGTTTAGAGTCTACTGATATGTTACTGACCGTTCGTTGGGAAAAAAATACTGTATCATTTATTAATCAAAAGCGACTTTTGGTGGAATATTATGATATGTGTTGTTAAAATATGACGTAATTTTAGAATTGTCTGATTCGTATTCAAATTTGGTGAAGGAATAACGCAGAGTTGACAATTTAATAGAATGGATTAATCGTAATTTTCAGAAACGTAGAAAAAGAAAAACAATTAAAACATTATATTAAGATTATTGATTTGCCTTTTAAGGGTCCACATCAGAGCAGATTGTACTGAGAGTGCACCGGCGCGCCAGATCTGTTTAGCTTGCCTCGTCCCCGCCGGGTCACC
LTR1 homology 2,,,GTGGTTATCACTTTCGGTTTTGATCCGGACAACCCCGGTTCGAATCCGGGTAGGACCTTTTTTATTCATTTTTACATAATATATGCTGAATATATTGGTTAAAGAGGTTTTTTTAGTTCCCAAATGTCCACAGTAAAGTAGATAAAGCAATAGCTATTTCCATCAAATCCAAACAATATTGTATTACCCACTTATTATTAAACAATGCATTTATTGGAGAAACACCCGCTTTCCGGGTAATAGCAGTCTATTTATTCTCATTCATTTATAAGCGGCGGAGAAAAATGATTGAGGAATTGATATAATTACACAGTAACTTTACGGAGCCTAAGGTAACAAGTGAAGTTTGGATAGCAGTTTTATTCCCATTTTTATCTGCAGTATAGGGAACTTGGAATCA
LTR2 homology 1,,,AACCGATGAACGCAAATGAAGTTCCCTTCGCGGTAGATGGCAGTAGCTATCGGCAGTCACTAGGAAAAGTGAGTTTAGCACAGATATGCTGTGGGCGCTATCCCAATGTGGGCAAAGCGCGTGAACATCACGACGCGCCTTCCCGTTAAATTTTGTACCATCAAGGGCGCGTCTTCACTCGAGATGCGCGTTCTTTTGCTGGTTCTTTTCACTGAGGGCACAGAATATGATACCCACAGTATGACAAGTTTTAATCGAGATAGTTTGACGTTCGTTTTTTACTTTGAATATACTCGTAGTCTTTTTACTTTTTGAGTATAAAAAAAAAATGACTAGCAAAATAAAATTAGTAGTCTAAAAAAGAAAGCTCGCACTCAGGATCGAACTAAGGACCAACAGATTTGCAATCTGCTGCGCTACCACTGCGCCATACGAGCTTTTGAATTATGGTAATTTTGATTATCCTAGAATGTTATATCTCAATATCTCAATATATTTTGGACATCTATGAAACACCCATAAAGCAGCCGCTACCAAACAGACAAGATTCAGTATGTAAGGTAAATACCTTTTTGCACAGTTAAACTACCCAAACTTATTCcatcagagcagattgtactgagagtgcacc
LTR2 homology 2,,,TTTGCGAAACCCTATGCTCTGTTGTTCGGATTTGAAATTTTAAAACTACATTAATGTGTTAGTTTTTCTTTCTTTCTTTCTTTGTCTTGACGTGATTTGGACTTCTGTCTTGCATTCGCGTCCATTCATCTGACCCAATATTCCTTTTGGTTTTGTTATCCTTATAAAAAGAAAGGAAGCTTCTTAGAGGGAAAAAAATGATGAAGAGTAATGCCAAAATATAAATAAATAAATAAATATGAAAATCATTTTCTATTTTTAATAGAATAAGAAGAGCATCTTAAGATTACAATTTCAAGAAATAGTTTACACAGTATATCCAATAACTCCAATAAACTACTTTCCTATACAAATTTCTATGGTGGGATTAATAGTAAAACTTCTGTACTTCTCTAATTCACCAAGAAATTAAGGTAAACATCTGGTAAGCACTATCCAGCTTTTTGCTATTACACATATGGCTTTTCTGCAATCATTTCTTCCCATTTTGTCTCAAGCCGTTAGTCTTGAAACCACAGGCGGAGTAGAGTTACTTGATGCGGTATTTTACATGCCTTTTTTCACTGCAAAAAAAATGAAATACATATTTACACGATTTGCAGGACAGTTTACGATAGTGAGTATGCAGAATAGTTAACACCTTTGTTTTATCCTTTTGTGTCTTAATTATATGATATAAAGGCGCCTGGC
LTR3 homology 1,,,ACACGTTCCAGGCTGAACTCGAAATTGCTTACTATGTTCTATCCGTCTAAAAATGGCCTTTTCTATGAATGACAATGGTCCTAGTATACTTCTTGATGTGTCTTCACAAGGAATACCATTAGCATAATTGCTAAAGTCAACAAGCGCCATGCCGTACAACGAAGCACAAAGTGCCCTGATATAGTGGTAATGTTGCGCCAGACTATGCGCAGCAAAAGGATAATCCAGAAATGTGACTAATCCTACTATAACTAGCATATCTTCGGCGTTCCATATCGACAGCGTAGTATTAACGACACCTTCAGGCACTTGTAAGGAATATCTAAGCCCAGTCCTTTCAAGTACAGGTTGCTGTTCGAAATTGAGCTTATGAGAGGAATTGAATCCATCAGAGTCGTTTGCTGCAACATTGGCAGATAAATCTGTTCTCTCTTCATATTCACACCGTAATGAATTTTGTTGGCATCGCGAGCAAGCAGGCCGCAGTTTATCACGTTTCCACTTAACCTTTTTTCACTGTGGTTGAATCCATGGCAGCATTTCAGCAGCCAATTTcatcagagcagattgtactgagagtgcacc
LTR3 homology 2,,,CTACCCTGAGTGAGTGTATGAGAATGCTGATAATTGCCACAGTTTCTTTTTATGTTCCTTCCTTTTTTTCTAAGGATGTTTATTGTAGCAAATATAAATATATAGCTCAATAAAGAAATACAAAGCTCCTATGTTTGCTAAGCTTTATCGCGGTCTTACTTACGTTACCAACAAAATTCTATCTACATTGCTATCACATCATTCCATACATTATTGCATAAATTCCTTTAAGCCGACTACATTGGCAATTATAATTCTTCTACACCCCTGTTGCCGTTGTAATGTTTACATTATTAGATGCATCCACCATTAAGACAAATTGGGCTGCAAACTCTTGGAAATATTCGGCGAAGTTACGGCAGAACGGGTGATTAATTGTTTTATTGTTCCAGGAGACTTTTCTCATTCCCTAAAAACATGATTATTACACAGCTTTGATCTAGAGCCGGTATTCGAACTAGTCAGACCATTTTTCACGAAATATAACAATATAGCCGCTG
HO homology 1,,,TTAGCAGATGCGCGCACCTGCGTTGTTACCACAACTCTTATGAGGCCCGCGGACAGCATCAAActgtaagattccgccacattttatacactctggtcctttaactggcaaaccttcgggcgtaatgcccaatttttcgcctttgtcttttgcctttttcacttcacgtgcttctggtacatacttgcaatttatacagtgatgaccgctgaatttgtatcttccatagcatctagcacatactcgatttttaccactccaatctttataaaaatacttgattccctttctgggacaagcaacacagtgttttagattctttttttgtgatattttaagctgttctcccacacagcagcctcgacatgatttcacttctattttgttgccaagcaagaaatttttatggccttctatcgtaagcccatatacagtactctcaccctggaaatcatccgtgaagctgaaatatacgggttccctttttataattggcggaacttctcttgttttgtgaccacttcgacaatatgacaaaacattctgtgaagttgttcccccagcatcagagcagattgtactgagagtgcacc
HO homology 2,,,acgccattttaagtccaaaggcacaattttacgttggaactaaacggtaaagatcaaatatcacctttattcttttttggtatgcatcgatttctttgccagtaagaactacgtgcaactctacattagatcaaaatataacggatcataaatgcaaacaacatttgtccaaaagaaacaaaaatgttggcgtttgtctcgaacatgacacaatactccttgatcgagggacattgcccgattaactatgatttatactttttactacaggtactcgttctccctactatttcaccagtatacggtcgttttatgattcatttattgcctataatggtaaaaagggacatcttaaccttacgtgttgcaatgagaccattcttttcgattcatcaactgtgaaatttctgaaatccagtacaatgcgaaacgctaccgataatggcaccgtcttttgaattatgaggcccagatatggcgttcaatcttcaacaaaaaaatgaatatcaaaactaaattctatctggataacaatctttctttggtttgcagaaatatcattaaaaaacaatccataactactaaggaagggtataaatggtttggtttactaattttatattttgatttgattagcaattataatctctaatatactatttctgtagccaaaaatctgcaatgtcaataagtagcaagtgccgcttactcgtgagaatatcaaccttatagcatatgttttctattttttttttttgcttatggagataatgaacattgtacacatgaacaaagtggtagttctctctccttgattttttgtgcttgcgatatatataattgttacattcaatggccatgctaaataaaggttttagctttgtttcactcgtgcccaggataatt
HYGMX,,,ggcgcgccagatctgtttagcttgcctcgtccccgccgggtcacccggccagcgacatggaggcccagaataccctccttgacagtcttgacgtgcgcagctcaggggcatgatgtgactgtcgcccgtacatttagcccatacatccccatgtataatcatttgcatccatacattttgatggccgcacggcgcgaagcaaaaattacggctcctcgctgcggacctgcgagcagggaaacgctcccctcacagacgcgttgaattgtccccacgccgcgcccctgtagagaaatataaaaggttaggatttgccactgaggttcttctttcatatacttccttttaaaatcttgctaggatacagttctcacatcacatccgaacataaacaaccATGGGTAAAAAGCCTGAACTCACCGCGACGTCTGTCGAGAAGTTTCTGATCGAAAAGTTCGACAGCGTCTCCGACCTGATGCAGCTCTCGGAGGGCGAAGAATCTCGTGCTTTCAGCTTCGATGTAGGAGGGCGTGGATATGTCCTGCGGGTAAATAGCTGCGCCGATGGTTTCTACAAAGATCGTTATGTTTATCGGCACTTTGCATCGGCCGCGCTCCCGATTCCGGAAGTGCTTGACATTGGGGAATTCAGCGAGAGCCTGACCTATTGCATCTCCCGCCGTGCACAGGGTGTCACGTTGCAAGACCTGCCTGAAACCGAACTGCCCGCTGTTCTGCAGCCGGTCGCGGAGGCCATGGATGCGATCGCTGCGGCCGATCTTAGCCAGACGAGCGGGTTCGGCCCATTCGGACCGCAAGGAATCGGTCAATACACTACATGGCGTGATTTCATATGCGCGATTGCTGATCCCCATGTGTATCACTGGCAAACTGTGATGGACGACACCGTCAGTGCGTCCGTCGCGCAGGCTCTCGATGAGCTGATGCTTTGGGCCGAGGACTGCCCCGAAGTCCGGCACCTCGTGCACGCGGATTTCGGCTCCAACAATGTCCTGACGGACAATGGCCGCATAACAGCGGTCATTGACTGGAGCGAGGCGATGTTCGGGGATTCCCAATACGAGGTCGCCAACATCTTCTTCTGGAGGCCGTGGTTGGCTTGTATGGAGCAGCAGACGCGCTACTTCGAGCGGAGGCATCCGGAGCTTGCAGGATCGCCGCGGCTCCGGGCGTATATGCTCCGCATTGGTCTTGACCAACTCTATCAGAGCTTGGTTGACGGCAATTTCGATGATGCAGCTTGGGCGCAGGGTCGATGCGACGCAATCGTCCGATCCGGAGCCGGGACTGTCGGGCGTACACAAATCGCCCGCAGAAGCGCGGCCGTCTGGACCGATGGCTGTGTAGAAGTACTCGCCGATAGTGGAAACCGACGCCCCAGCACTCGTCCGAGGGCAAAGGAATAATCAGtactgacaataaaaagattcttgttttcaagaacttgtcatttgtatagtttttttatattgtagttgttctattttaatcaaatgttagcgtgatttatattttttttcgcctcgacatcatctgcccagatgcgaagttaagtgcgcagaaagtaatatcatgcgtcaatcgtatgtgaatgctggtcgctatactgctgtcgattcgatactaacgccgccatccagtgtc
BLEOMX,,,ATCAGAGCAGATTGTACTGAGAGTGCACCggcgcgccagatctgtttagcttgcctcgtccccgccgggtcacccggccagcgacatggaggcccagaataccctccttgacagtcttgacgtgcgcagctcaggggcatgatgtgactgtcgcccgtacatttagcccatacatccccatgtataatcatttgcatccatacattttgatggccgcacggcgcgaagcaaaaattacggctcctcgctgcagacctgcgagcagggaaacgctcccctcacagacgcgttgaattgtccccacgccgcgcccctgtagagaaatataaaaggttaggatttgccactgaggttcttctttcatatacttccttttaaaatcttgctaggatacagttctcacatcacatccgaacataaacaaccATGGGTATGACCGACCAAGCGACGCCCAACCTGCCATCACGAGATTTCGATCCCACCGCCGCCTTCTATGAAAGGTTGGGCTTCGGAATCGTTTTCCGGGACGCCGGCTGGATGATCCTCCAGCGCGGGGATCTCATGCTGGAGTTCTTCGCCCACCCCGGGCTCGATCCCCTCGCGAGTTGGTTCAGCTGCTGCCTGAGGCTGGACGACCTCGCGGAGTTCTACCGGCAGTGCAAATCCGTCGGCATCCAGGAAACCAGCAGCGGCTATCCGCGCATCCATGCCCCCGAACTGCAGGAGTGGGGAGGCACGATGGCCGCTTTGGTCGACCCGGACGGGACGCTCCTGCGCCTGATACAGAACGAATTGCTTGCAGGCATCTCATGATCAGtactgacaataaaaagattcttgttttcaagaacttgtcatttgtatagtttttttatattgtagttgttctattttaatcaaatgttagcgtgatttatattttttttcgcctcgacatcatctgcccagatgcgaagttaagtgcgcagaaagtaatatcatgcgtcaatcgtatgtgaatgctggtcgctatactgctgtcgattcgatactaacgccgccatccagtgtc
NATMX,,,cggccagcgacatggaggcccagaataccctccttgacagtcttgacgtgcgcagctcaggggcatgatgtgactgtcgcccgtacatttagcccatacatccccatgtataatcatttgcatccatacattttgatggccgcacggcgcgaagcaaaaattacggctcctcgctgcagacctgcgagcagggaaacgctcccctcacagacgcgttgaattgtccccacgccgcgcccctgtagagaaatataaaaggttaggatttgccactgaggttcttctttcatatacttccttttaaaatcttgctaggatacagttctcacatcacatccgaacataaacaaccatgggtaccactcttgacgacacggcttaccggtaccgcaccagtgtcccgggggacgccgaggccatcgaggcactggatgggtccttcaccaccgacaccgtcttccgcgtcaccgccaccggggacggcttcaccctgcgggaggtgccggtggacccgcccctgaccaaggtgttccccgacgacgaatcggacgacgaatcggacgccggggaggacggcgacccggactcccggacgttcgtcgcgtacggggacgacggcgacctggcgggcttcgtggtcgtctcgtactccggctggaaccgccggctgaccgtcgaggacatcgaggtcgccccggagcaccgggggcacggggtcgggcgcgcgttgatggggctcgcgacggagttcgcccgcgagcggggcgccgggcacctctggctggaggtcaccaacgtcaacgcaccggcgatccacgcgtaccggcggatggggttcaccctctgcggcctggacaccgccctgtacgacggcaccgcctcggacggcgagcaggcgctctacatgagcatgccctgcccctaatcagtactgacaataaaaagattcttgttttcaagaacttgtcatttgtatagtttttttatattgtagttgttctattttaatcaaatgttagcgtgatttatattttttttcgcctcgacatcatctgcccagatgcgaagttaagtgcgcagaaagtaatatcatgcgtcaatcgtatgtgaatgctggtcgctatactgctgtcgattcgatactaacgccgccatccagtgtc
LEU,,,CGTATATAGTTTCGTCTACCCTATGAACATATTCCATTTTGTAATTTCGTGTCGTTTCTATTATGAATTTCATTTATAAAGTTTATGTACAAATATCATAAAAAAAGAGAATCTTTTTAAGCAAGGATTTTCTTAACTTCTTCGGCGACAGCATCACCGACTTCGGTGGTACTGTTGGAACCACCTAAATCACCAGTTCTGATACCTGCATCCAAAACCTTTTTAACTGCATCTTCAATGGCCTTACCTTCTTCAGGCAAGTTCAATGACAATTTCAACATCATTGCAGCAGACAAGATAGTGGCGATAGGGTCAACCTTATTCTTTGGCAAATCTGGAGCAGAACCGTGGCATGGTTCGTACAAACCAAATGCGGTGTTCTTGTCTGGCAAAGAGGCCAAGGACGCAGATGGCAACAAACCCAAGGAACCTGGGATAACGGAGGCTTCATCGGAGATGATATCACCAAACATGTTGCTGGTGATTATAATACCATTTAGGTGGGTTGGGTTCTTAACTAGGATCATGGCGGCAGAATCAATCAATTGATGTTGAACCTTCAATGTAGGAAATTCGTTCTTGATGGTTTCCTCCACAGTTTTTCTCCATAATCTTGAAGAGGCCAAAACATTAGCTTTATCCAAGGACCAAATAGGCAATGGTGGCTCATGTTGTAGGGCCATGAAAGCGGCCATTCTTGTGATTCTTTGCACTTCTGGAACGGTGTATTGTTCACTATCCCAAGCGACACCATCACCATCGTCTTCCTTTCTCTTACCAAAGTAAATACCTCCCACTAATTCTCTGACAACAACGAAGTCAGTACCTTTAGCAAATTGTGGCTTGATTGGAGATAAGTCTAAAAGAGAGTCGGATGCAAAGTTACATGGTCTTAAGTTGGCGTACAATTGAAGTTCTTTACGGATTTTTAGTAAACCTTGTTCAGGTCTAACACTACCGGTACCCCATTTAGGACCACCCACAGCACCTAACAAAACGGCATCAACCTTCTTGGAGGCTTCCAGCGCCTCATCTGGAAGTGGGACACCTGTAGCATCGATAGCAGCACCACCAATTAAATGATTTTCGAAATCGAACTTGACATTGGAACGAACATCAGAAATAGCTTTAAGAACCTTAATGGCTTCGGCTGTGATTTCTTGACCAACGTGGTCACCTGGCAAAACGACGATCTTCTTAGGGGCAGACAT
KANMX,,,GGCGCGCCAGATCTGTTTAGCTTGCCTCGTCCCCGCCGGGTCACCCGGCCAGCGACATGGGGGCCCAGAATACCCTCCTTGACAGTCTTGACGTGCGCAGCTCAGGGGCATGATGTGACTGTCGCCCGTACATTTAGCCCATACATCCCCATGTATAATCATTTGCATCCATACATTTTGATGGCCGCACGGCGCGAAGCAAAAATTACGGCTCCTCGCTGCAGACCTGCGAGCAGGGAAACGCTCCCCTCACAGACGCGTTGAATTGTCCCCACGCCGCGCCCCTGTAGAGAAATATAAAAGGTTAGGATTTGCCACTGAGGTTCTTCTTTCATATACTTCCTTTTAAAATCTTGCTAGGATACAGTTCTCACATCACATCCGAACATAAACAACCATGGGTAAGGAAAAGACTCACGTTTCGAGGCCGCGATTAAATTCCAACATGGATGCTGATTTATATGGGTATAAATGGGCTCGCGATAATGTCGGGCAATCAGGTGCGACAATCTATCGATTGTATGGGAAGCCCGATGCGCCAGAGTTGTTTCTGAAACATGGCAAAGGTAGCGTTGCCAATGATGTTACAGATGAGATGGTCAGACTAAACTGGCTGACGGAATTTATGCCTCTTCCGACCATCAAGCATTTTATCCGTACTCCTGATGATGCATGGTTACTCACCACTGCGATCCCCGGCAAAACAGCATTCCAGATATTAGAAGAATATCCTGATTCAGGTGAAAATATTGTTGATGCGCTGGCAGTGTTCCTGCGCCGGTTGCATTCGATTCCTGTTTGTAATTGTCCTTTTAACAGCGATCGCGTATTTCGTCTCGCTCAGGCGCAATCACGAATGAATAACGGTTTGGTTGATGCGAGTGATTTTGATGACGAGCGTAATGGCTGGCCTGTTGAACAAGTCTGGAAAGAAATGCATAAGCTTTTGCCATTCTCACCGGATTCAGTCGTCACTCATGGTGATTTCTCACTTGATAACCTTATTTTTGACGAGGGGAAATTAATAGGTTGTATTGATGTTGGACGAGTCGGAATCGCAGACCGATACCAGGATCTTGCCATCCTATGGAACTGCCTCGGTGAGTTTTCTCCTTCATTACAGAAACGGCTTTTTCAAAAATATGGTATTGATAATCCTGATATGAATAAATTGCAGTTTCATTTGATGCTCGATGAGTTTTTCTAATCAGTACTGACAATAAAAAGATTCTTGTTTTCAAGAACTTGTCATTTGTATAGTTTTTTTATATTGTAGTTGTTCTATTTTAATCAAATGTTAGCGTGATTTATATTTTTTTTCGCCTCGACATCATCTGCCCAGATGCGAAGTTAAGTGCGCAGAAAGTAATATCATGCGTCAATCGTATGTGAATGCTGGTCGCTATACTGCTGTCGATTCGATACTAACGCCGCCATCCAGTGTC